{
  "baseline": {
    "teacher": {
      "metrics": {
        "acc": 0.9906542056074766,
        "f1": 0.9906509392747925,
        "prec": 0.9905660377358491,
        "rec": 0.990909090909091
      },
      "total_params": 23512130,
      "nonzero_params": 23501485,
      "gflops": 4.130392066,
      "pt_params_est": 23512130,
      "inf_gpu_ms": [
        2.8536462783813477,
        0.4125787416193471
      ],
      "inf_cpu_ms": [
        18.258695602416992,
        0.5177248750983463
      ]
    },
    "student_kd": {
      "metrics": {
        "acc": 1.0,
        "f1": 1.0,
        "prec": 1.0,
        "rec": 1.0
      },
      "total_params": 2226434,
      "nonzero_params": 2226404,
      "gflops": 0.31902157,
      "pt_params_est": 2226434,
      "inf_gpu_ms": [
        1.6722345352172852,
        0.11606237010655458
      ],
      "inf_cpu_ms": [
        5.256648063659668,
        0.24630293319748126
      ]
    }
  },
  "prune_rounds": [
    {
      "round": 1,
      "pruned_filters": 3936,
      "nonzero_params": 2004900,
      "total_params": 2226434,
      "gflops": 0.31902157,
      "metrics": {
        "acc": 0.9813084112149533,
        "f1": 0.9812937062937063,
        "prec": 0.9812937062937063,
        "rec": 0.9812937062937063
      }
    },
    {
      "round": 2,
      "pruned_filters": 4126,
      "nonzero_params": 1818756,
      "total_params": 2226434,
      "gflops": 0.31902157,
      "metrics": {
        "acc": 0.9813084112149533,
        "f1": 0.9813067784765899,
        "prec": 0.9814814814814814,
        "rec": 0.9818181818181818
      }
    }
  ]
}