{
  "teacher": {
    "accuracy": 99.37106918238993,
    "f1_score": 0.9937091970388306,
    "precision": 0.9937864666212018,
    "recall": 0.9937106918238994,
    "confusion_matrix": [
      [
        76,
        1
      ],
      [
        0,
        82
      ]
    ],
    "parameters": 24559172,
    "latency": {
      "mean": 2.5209789600557997,
      "std": 0.3778453900315143,
      "min": 1.9410459990467643,
      "max": 3.037258999029291
    }
  },
  "student": {
    "accuracy": 99.37106918238993,
    "f1_score": 0.9937091970388306,
    "precision": 0.9937864666212018,
    "recall": 0.9937106918238994,
    "confusion_matrix": [
      [
        76,
        1
      ],
      [
        0,
        82
      ]
    ],
    "parameters": 2552836,
    "latency": {
      "mean": 1.7482578198905685,
      "std": 0.06438197325615064,
      "min": 1.6609220001555514,
      "max": 1.9329219994688174
    }
  },
  "pruned_round1": {
    "accuracy": 98.74213836477988,
    "f1_score": 0.9874144043901523,
    "precision": 0.9877208745133272,
    "recall": 0.9874213836477987,
    "confusion_matrix": [
      [
        75,
        2
      ],
      [
        0,
        82
      ]
    ],
    "parameters": 2552836,
    "latency": {
      "mean": 1.735997619907721,
      "std": 0.054063727121833334,
      "min": 1.6772420003690058,
      "max": 1.9004109999514185
    },
    "sparsity": 10.000228335525355,
    "pruned_params": 218981
  },
  "pruned_round2": {
    "accuracy": 99.37106918238993,
    "f1_score": 0.9937091970388306,
    "precision": 0.9937864666212018,
    "recall": 0.9937106918238994,
    "confusion_matrix": [
      [
        76,
        1
      ],
      [
        0,
        82
      ]
    ],
    "parameters": 2552836,
    "latency": {
      "mean": 1.728213760034123,
      "std": 0.039268609083702034,
      "min": 1.6631769995001378,
      "max": 1.8340370006626472
    },
    "sparsity": 10.000228335525355,
    "pruned_params": 218981
  }
}