round,pruned_filters,nonzero_params,total_params,gflops,acc,f1
1,3936,2004900,2226434,0.31902157,0.9813084112149533,0.9812937062937063
2,4126,1818756,2226434,0.31902157,0.9813084112149533,0.9813067784765899
